"","Author Keywords (DE)     ","Articles","Keywords-Plus (ID)    ","Articles"
"1","WORKING MEMORY              ","882","SHORT-TERM-MEMORY       ","1149"
"2","VISUAL WORKING MEMORY       ","707","ATTENTION               "," 869"
"3","MEMORY                      ","570","CAPACITY                "," 841"
"4","ATTENTION                   ","460","WORKING-MEMORY          "," 818"
"5","VISUAL MEMORY               ","336","INFORMATION             "," 736"
"6","VISUAL SEARCH               ","313","PERCEPTION              "," 498"
"7","VISUAL SHORT-TERM MEMORY    ","219","REPRESENTATIONS         "," 482"
"8","SHORT-TERM MEMORY           ","208","INDIVIDUAL-DIFFERENCES  "," 449"
"9","VISUAL ATTENTION            ","174","STORAGE                 "," 352"
"10","EPISODIC MEMORY             ","164","PERFORMANCE             "," 350"
"11","EYE MOVEMENTS               ","148","RECOGNITION             "," 348"
"12","AGING                       ","119","FEATURES                "," 327"
"13","LONG-TERM MEMORY            ","119","SEARCH                  "," 304"
"14","FMRI                        ","108","RECOGNITION MEMORY      "," 293"
"15","AUTOBIOGRAPHICAL MEMORY     ","104","PREFRONTAL CORTEX       "," 284"
"16","CHANGE DETECTION            ","103","MECHANISMS              "," 267"
"17","EMOTION                     ","101","MODEL                   "," 254"
"18","RECOGNITION MEMORY          ","100","OBJECTS                 "," 240"
"19","VISUAL PERCEPTION           "," 98","SELECTIVE ATTENTION     "," 234"
"20","HIPPOCAMPUS                 "," 84","INTERFERENCE            "," 231"
"21","SPATIAL MEMORY              "," 78","EYE-MOVEMENTS           "," 228"
"22","SCHIZOPHRENIA               "," 77","CORTEX                  "," 220"
"23","COGNITION                   "," 69","RETRIEVAL               "," 217"
"24","BINDING                     "," 61","NEURAL MECHANISMS       "," 201"
"25","INDIVIDUAL DIFFERENCES      "," 60","DEFICITS                "," 198"
"26","EVENT-RELATED POTENTIALS    "," 58","EPISODIC MEMORY         "," 195"
"27","VISUAL                      "," 57","TASK                    "," 195"
"28","CHILDREN                    "," 56","CHILDREN                "," 191"
"29","RECOGNITION                 "," 56","BRAIN                   "," 187"
"30","FALSE MEMORY                "," 55","INTEGRATION             "," 172"
"31","PERCEPTION                  "," 55","NUMBER                  "," 149"
"32","ALZHEIMER'S DISEASE         "," 54","MAINTENANCE             "," 147"
"33","VERBAL MEMORY               "," 54","MEMORY                  "," 145"
"34","CAPACITY                    "," 53","TIME                    "," 142"
"35","ENCODING                    "," 52","BINDING                 "," 141"
"36","VISION                      "," 52","RECALL                  "," 141"
"37","LEARNING                    "," 50","ACTIVATION              "," 135"
"38","VISUAL IMAGERY              "," 50","OBJECT                  "," 133"
"39","SELECTIVE ATTENTION         "," 48","REPRESENTATION          "," 130"
"40","WORKING MEMORY CAPACITY     "," 47","IMPAIRMENT              "," 125"
"41","NEUROPSYCHOLOGY             "," 44","MEDIAL TEMPORAL-LOBE    "," 123"
"42","ATTENTIONAL CAPTURE         "," 39","VISUAL WORKING-MEMORY   "," 120"
"43","CONSCIOUSNESS               "," 39","ORGANIZATION            "," 119"
"44","ERP                         "," 39","ORIENTING ATTENTION     "," 119"
"45","INTERFERENCE                "," 39","PICTURES                "," 119"
"46","SPATIAL WORKING MEMORY      "," 39","GUIDANCE                "," 118"
"47","SEMANTIC MEMORY             "," 38","INHIBITION              "," 118"
"48","IMPLICIT MEMORY             "," 37","FAMILIARITY             "," 116"
"49","DEVELOPMENT                 "," 36","SPATIAL ATTENTION       "," 115"
"50","FEATURE BINDING             "," 36","LONG-TERM-MEMORY        "," 112"
"51","MENTAL IMAGERY              "," 35","CAPTURE                 "," 107"
"52","PRIMING                     "," 35","SELECTION               "," 106"
"53","EXECUTIVE FUNCTION          "," 34","EVENT-RELATED POTENTIALS"," 104"
"54","EYE TRACKING                "," 34","DISCRIMINATION          "," 102"
"55","ICONIC MEMORY               "," 34","TOP-DOWN                "," 102"
"56","OBJECT RECOGNITION          "," 34","WORDS                   "," 102"
"57","PREFRONTAL CORTEX           "," 34","PRECISION               "," 101"
"58","VISUAL PERSPECTIVE          "," 34","RECOLLECTION            "," 100"
"59","VISUAL LONG-TERM MEMORY     "," 33","SPAN                    "," 100"
"60","DEPRESSION                  "," 32","DEMENTIA                ","  95"
"61","RETRIEVAL                   "," 31","PSYCHOPHYSICS           ","  94"
"62","CONSOLIDATION               "," 29","CONJUNCTIONS            ","  92"
"63","CONTEXTUAL CUEING           "," 29","COLOR                   ","  91"
"64","HUMAN                       "," 29","MENTAL-IMAGERY          ","  91"
"65","SACCADES                    "," 29","RESOURCES               ","  91"
"66","CONTRALATERAL DELAY ACTIVITY"," 28","LANGUAGE                ","  90"
"67","EEG                         "," 28","AGE                     ","  88"
"68","FORGETTING                  "," 28","IMAGERY                 ","  86"
"69","PRECISION                   "," 28","DISSOCIATION            ","  85"
"70","EYE-TRACKING                "," 27","FMRI                    ","  84"
"71","VERBAL WORKING MEMORY       "," 27","ALZHEIMERS-DISEASE      ","  83"
"72","COGNITIVE CONTROL           "," 26","TIME-COURSE             ","  80"
"73","SCENE PERCEPTION            "," 26","SYSTEMS                 ","  78"
"74","SHORT TERM MEMORY           "," 26","FLUID INTELLIGENCE      ","  77"
"75","VISUAL PROCESSING           "," 26","OLDER-ADULTS            ","  77"
"76","MEMORY CAPACITY             "," 25","SIMILARITY              ","  75"
"77","ASSOCIATIVE MEMORY          "," 24","IMPLICIT                ","  74"
"78","CATEGORIZATION              "," 24","VISION                  ","  74"
"79","FACE RECOGNITION            "," 24","DYSFUNCTION             ","  73"
"80","FAMILIARITY                 "," 24","LOAD                    ","  73"
"81","PROSPECTIVE MEMORY          "," 24","STIMULI                 ","  73"
"82","RECALL                      "," 24","VISUAL-SEARCH           ","  73"
"83","SPATIAL ATTENTION           "," 24","TERM-MEMORY             ","  71"
"84","VISUAL CORTEX               "," 24","LOCATION                ","  70"
"85","DECLARATIVE MEMORY          "," 23","CONSOLIDATION           ","  68"
"86","IMAGERY                     "," 23","NATURAL SCENES          ","  68"
"87","MILD COGNITIVE IMPAIRMENT   "," 23","ORIENTATION             ","  68"
"88","OLFACTION                   "," 23","ADULTS                  ","  66"
"89","PROCESSING SPEED            "," 23","IDENTIFICATION          ","  66"
"90","RETRO-CUE                   "," 23","LOCATIONS               ","  66"
"91","SENSORY MEMORY              "," 23","METAANALYSIS            ","  66"
"92","AUTISM                      "," 22","MODULATION              ","  66"
"93","DYSLEXIA                    "," 22","HIPPOCAMPUS             ","  64"
"94","FUNCTIONAL CONNECTIVITY     "," 22","MODELS                  ","  64"
"95","OPEN DATA                   "," 22","CONTEXT                 ","  63"
"96","AGEING                      "," 21","INTELLIGENCE            ","  63"
"97","ASSESSMENT                  "," 21","KNOWLEDGE               ","  63"
"98","DISTRACTION                 "," 21","PARIETAL CORTEX         ","  63"
"99","ERPS                        "," 21","RETENTION               ","  62"
"100","METACOGNITION               "," 21","VISUAL MEMORY           ","  62"
